name,href,address
"Aaron Hartman, MD",https://www.ifm.org/practitioners/aaron-hartman-md/,"13911 St Francis Blvd Ste 101 Midlothian, VA 23114 US"
"Aarti Batavia, MS, RDN, CLT, CFSP, IFMCP.",https://www.ifm.org/practitioners/aarti-batavia-ms-rdn-clt-ifmcp/,"13911 St Francis Blvd Ste 101 Midlothian, VA 23114 US"
"Abby M Miller, LAc, Dipl CH, IFMCP",https://www.ifm.org/practitioners/abby-m-miller-lac-dipl-ch-ifmcp/,"13911 St Francis Blvd Ste 101 Midlothian, VA 23114 US"
"Adrian den Boer, DC, ND, IFMCP",https://www.ifm.org/practitioners/adrian-den-boer-dc-nd/,"13911 St Francis Blvd Ste 101 Midlothian, VA 23114 US"
"Adrienne Carmack, MD",https://www.ifm.org/practitioners/adrienne-carmack-md/,"13911 St Francis Blvd Ste 101 Midlothian, VA 23114 US"
"Agnieszka (Anna) Wolyn, MD",https://www.ifm.org/practitioners/agnieszka-anna-wolyn-md/,"13911 St Francis Blvd Ste 101 Midlothian, VA 23114 US"
"Alan D Tran, MD",https://www.ifm.org/practitioners/alan-d-tran-md/,"13911 St Francis Blvd Ste 101 Midlothian, VA 23114 US"
"Alejandra Carrasco, MD",https://www.ifm.org/practitioners/alejandra-carrasco-md/,"13911 St Francis Blvd Ste 101 Midlothian, VA 23114 US"
"Alexis Rheinwald-Jones, FNP-C",https://www.ifm.org/practitioners/alexis-rheinwald-jones-fnp-c/,"13911 St Francis Blvd Ste 101 Midlothian, VA 23114 US"
"Alexsandra Motroni, MD",https://www.ifm.org/practitioners/alexsandra-motroni-md/,"13911 St Francis Blvd Ste 101 Midlothian, VA 23114 US"
"Alison J Hoffmaster, PA-C",https://www.ifm.org/practitioners/alison-j-hoffmaster-pa-c/,"13911 St Francis Blvd Ste 101 Midlothian, VA 23114 US"
"Aliya Asad, MD",https://www.ifm.org/practitioners/aliya-asad-md/,"13911 St Francis Blvd Ste 101 Midlothian, VA 23114 US"
"Amir Koohestani, DO",https://www.ifm.org/practitioners/amir-koohestani-do/,"13911 St Francis Blvd Ste 101 Midlothian, VA 23114 US"
"Amy Beard, MD",https://www.ifm.org/practitioners/amy-beard-md/,"13911 St Francis Blvd Ste 101 Midlothian, VA 23114 US"
"Amy Drab, PA",https://www.ifm.org/practitioners/amy-drab-pa/,"13911 St Francis Blvd Ste 101 Midlothian, VA 23114 US"
"Amy E Black, NP",https://www.ifm.org/practitioners/amy-e-black-np/,"13911 St Francis Blvd Ste 101 Midlothian, VA 23114 US"
"Amy Ear, PhD, LAc",https://www.ifm.org/practitioners/amy-ear-phd-lac/,"1416 El Centro St Suite 300 South Pasadena, CA 91030 US"
"Amy Fletcher, MD",https://www.ifm.org/practitioners/amy-fletcher-md/,"1416 El Centro St Suite 300 South Pasadena, CA 91030 US"
"Amy K Davis, MD",https://www.ifm.org/practitioners/amy-k-davis-md/,"1416 El Centro St Suite 300 South Pasadena, CA 91030 US"
"Amy Nicley, Nurse Practitioner",https://www.ifm.org/practitioners/amy-nicley-nurse-practitioner/,"1416 El Centro St Suite 300 South Pasadena, CA 91030 US"
"Amy R Sparks, MD",https://www.ifm.org/practitioners/amy-r-sparks-md/,"1416 El Centro St Suite 300 South Pasadena, CA 91030 US"
"Amy S Weiler, DO",https://www.ifm.org/practitioners/amy-s-weiler-do/,"1416 El Centro St Suite 300 South Pasadena, CA 91030 US"
"Angela K Griffiths, DC",https://www.ifm.org/practitioners/angela-k-griffiths-dc/,"1416 El Centro St Suite 300 South Pasadena, CA 91030 US"
"Angela M Rupp-Katzer, APRN-C",https://www.ifm.org/practitioners/angela-m-katzer-aprn-c/,"1416 El Centro St Suite 300 South Pasadena, CA 91030 US"
"Angela O'Neil, MD",https://www.ifm.org/practitioners/angela-oneil-md/,"1416 El Centro St Suite 300 South Pasadena, CA 91030 US"
"Anil Pinto, MD",https://www.ifm.org/practitioners/anil-pinto-md/,"1416 El Centro St Suite 300 South Pasadena, CA 91030 US"
"Anita Burock Stotts, MD",https://www.ifm.org/practitioners/anita-burock-stotts-md/,"1416 El Centro St Suite 300 South Pasadena, CA 91030 US"
"Anita F Sadaty, MD",https://www.ifm.org/practitioners/anita-f-sadaty-md/,"1416 El Centro St Suite 300 South Pasadena, CA 91030 US"
"Ann L. Johnson, IFMCP, RN",https://www.ifm.org/practitioners/ann-johnson-ifmcp-rn/,"1416 El Centro St Suite 300 South Pasadena, CA 91030 US"
"Ann Shippy, MD",https://www.ifm.org/practitioners/ann-shippy/,"1416 El Centro St Suite 300 South Pasadena, CA 91030 US"
"Anna M Rotkiewicz, MD",https://www.ifm.org/practitioners/anna-m-rotkiewicz-md/,"1416 El Centro St Suite 300 South Pasadena, CA 91030 US"
"Anna Suponya, MD",https://www.ifm.org/practitioners/anna-suponya-md/,"1416 El Centro St Suite 300 South Pasadena, CA 91030 US"
"Anne Sherman, MSN, APNP, FNP-BC",https://www.ifm.org/practitioners/anne-sherman-msn/,"10602 North Port Washington Road Mequon, WI 53092 US"
"Annina Burns, PhD, RD, NU",https://www.ifm.org/practitioners/annina-burns-phd-rd/,"10602 North Port Washington Road Mequon, WI 53092 US"
"Annmarie McManus, MMSc, PA-C, PT, IFMCP",https://www.ifm.org/practitioners/annmarie-mcmanus-mmsc/,"10602 North Port Washington Road Mequon, WI 53092 US"
"Anthony Serle, DCIBN",https://www.ifm.org/practitioners/anthony-serle-bs-dc/,"10602 North Port Washington Road Mequon, WI 53092 US"
"Anup Kanodia, MD, MPH",https://www.ifm.org/practitioners/anup-kanodia-md-mph/,"10602 North Port Washington Road Mequon, WI 53092 US"
"Arti Chandra, MD, MPH",https://www.ifm.org/practitioners/arti-chandra-md-mph/,"10602 North Port Washington Road Mequon, WI 53092 US"
"Ashley L Mannell, RD, NP, IFMCP",https://www.ifm.org/practitioners/ashley-l-mannell-rd-np/,"10602 North Port Washington Road Mequon, WI 53092 US"
"Ashley Walker, PA-C",https://www.ifm.org/practitioners/ashley-walker-pa-c/,"10602 North Port Washington Road Mequon, WI 53092 US"
"Aubrey Spangler, ANP",https://www.ifm.org/practitioners/aubrey-spangler-anp/,"10602 North Port Washington Road Mequon, WI 53092 US"
"Aunna Herbst, DO, ND",https://www.ifm.org/practitioners/aunna-herbst-do-nd/,"10602 North Port Washington Road Mequon, WI 53092 US"
"Barb M. Mahlmeister, RDN, IFMCP",https://www.ifm.org/practitioners/barb-m-mahlmeister-rdn-ifmcp/,"10602 North Port Washington Road Mequon, WI 53092 US"
"Barbara Mitchell, MD",https://www.ifm.org/practitioners/barbara-mitchell-md/,"10602 North Port Washington Road Mequon, WI 53092 US"
"Barbara Winges Conflitti, MSN APRN FNP IFMCP",https://www.ifm.org/practitioners/barbara-winges-conflitti-msn-aprn-fnp/,"10602 North Port Washington Road Mequon, WI 53092 US"
"Barry Wohl, MD, FACC",https://www.ifm.org/practitioners/barry-wohl-md-facc/,"10602 North Port Washington Road Mequon, WI 53092 US"
"Basima Williams, DO",https://www.ifm.org/practitioners/basima-williams-do/,"10602 North Port Washington Road Mequon, WI 53092 US"
"Beth Florini, MD",https://www.ifm.org/practitioners/beth-florini-md/,"10602 North Port Washington Road Mequon, WI 53092 US"
